{
  "covid": {
    "virus": 0.9642857142857143,
    "pandemic": 0.9285714285714286,
    "infect": 0.8928571428571429,
    "flu": 0.8571428571428571,
    "risk": 0.8214285714285714,
    "symptom": 0.7857142857142857,
    "infection": 0.75,
    "cure": 0.7142857142857143,
    "patient": 0.6785714285714286,
    "contract": 0.6428571428571429,
    "recover": 0.6071428571428571,
    "illness": 0.5357142857142857,
    "disease": 0.5357142857142857,
    "cdc": 0.4642857142857143,
    "ill": 0.4642857142857143,
    "reckless": 0.42857142857142855,
    "cain": 0.35714285714285715,
    "herman": 0.35714285714285715,
    "outbreak": 0.32142857142857145,
    "immunity": 0.25,
    "deadly": 0.25,
    "herd": 0.21428571428571427,
    "isolate": 0.17857142857142858,
    "cancer": 0.14285714285714285,
    "zero": 0.03571428571428571,
    "fever": 0.03571428571428571,
    "trace": 0.03571428571428571,
    "mild": 0.0
  },
  "woman": {
    "man": 0.9411764705882353,
    "angry": 0.8823529411764706,
    "black": 0.8235294117647058,
    "attitude": 0.7647058823529411,
    "lgbtq": 0.47058823529411764,
    "hispanic": 0.47058823529411764,
    "educate": 0.47058823529411764,
    "competent": 0.47058823529411764,
    "female": 0.47058823529411764,
    "marry": 0.0,
    "misogyny": 0.0,
    "minority": 0.0,
    "indian": 0.0,
    "brown": 0.0,
    "gender": 0.0,
    "gay": 0.0,
    "male": 0.0
  },
  "climate": {
    "economic": 0.8333333333333334,
    "policy": 0.6666666666666666,
    "solution": 0.5,
    "denier": 0.16666666666666666,
    "combat": 0.16666666666666666,
    "paris": 0.0
  },
  "tax": {
    "dollar": 0.9523809523809523,
    "cost": 0.9047619047619048,
    "benefit": 0.8571428571428571,
    "medicare": 0.8095238095238095,
    "loan": 0.7142857142857143,
    "wealthy": 0.7142857142857143,
    "dime": 0.47619047619047616,
    "repeal": 0.47619047619047616,
    "taxpayer": 0.47619047619047616,
    "wage": 0.47619047619047616,
    "income": 0.47619047619047616,
    "minimum": 0.38095238095238093,
    "salary": 0.38095238095238093,
    "trillion": 0.2857142857142857,
    "paycheck": 0.2857142857142857,
    "billion": 0.047619047619047616,
    "payroll": 0.047619047619047616,
    "funding": 0.047619047619047616,
    "deduction": 0.047619047619047616,
    "premium": 0.047619047619047616,
    "debt": 0.0
  },
  "court": {
    "supreme": 0.9473684210526315,
    "federal": 0.8947368421052632,
    "nominee": 0.8421052631578947,
    "mcconnell": 0.6842105263157895,
    "justice": 0.6842105263157895,
    "scotus": 0.6842105263157895,
    "aca": 0.5263157894736842,
    "appeal": 0.5263157894736842,
    "judge": 0.5263157894736842,
    "seat": 0.47368421052631576,
    "barrett": 0.3157894736842105,
    "roe": 0.3157894736842105,
    "ram": 0.3157894736842105,
    "mitch": 0.21052631578947367,
    "appoint": 0.21052631578947367,
    "packing": 0.05263157894736842,
    "ruling": 0.05263157894736842,
    "overturn": 0.05263157894736842,
    "stack": 0.0
  },
  "racist": {
    "condemn": 0.9655172413793104,
    "monster": 0.9310344827586207,
    "angry": 0.896551724137931,
    "corrupt": 0.8620689655172413,
    "fascist": 0.6896551724137931,
    "murderer": 0.6896551724137931,
    "ignorant": 0.6896551724137931,
    "disgust": 0.6896551724137931,
    "nazi": 0.6896551724137931,
    "denounce": 0.5517241379310345,
    "hypocrite": 0.5517241379310345,
    "divisive": 0.5517241379310345,
    "bigot": 0.5517241379310345,
    "assault": 0.3793103448275862,
    "sexual": 0.3793103448275862,
    "predator": 0.3793103448275862,
    "racism": 0.3793103448275862,
    "pander": 0.3793103448275862,
    "cheater": 0.0,
    "thief": 0.0,
    "violent": 0.0,
    "immoral": 0.0,
    "minority": 0.0,
    "rhetoric": 0.0,
    "pervert": 0.0,
    "rapist": 0.0,
    "pedophile": 0.0,
    "hateful": 0.0,
    "sexist": 0.0
  }
}
