{"covid": {"virus": 2.55962707464892, "disease": 1.6410079392537331, "infection": -0.34117040297577006, "illness": 2.557626748216301, "pandemic": 1.1073528666395474, "outbreak": 1.7872620338063694, "infect": 1.7136448613135533, "deadly": -0.5424762780587269, "recover": 1.891163928018273, "cancer": 0.8538516261624167, "flu": 0.644872177941501, "immunity": 0.6051814999559579, "contract": 1.6924831890736725, "reckless": 2.889328926075692, "infected": -0.3994860170521064, "mild": 0.3790318510400088, "patient": 1.1486139199270635, "trace": 0.46569141902755584, "isolate": 0.4368813043415436, "cure": 1.364470512772742, "herd": 0.502167561022876, "symptom": 2.2894707675905708, "fever": -0.3169623065318645, "herman": NaN, "cain": NaN, "zero": 0.4461779064938541, "ill": 0.7648936043073018, "risk": 1.7297096639249627, "cdc": 0.5647079320245592}, "woman": {"female": 0.33514004790026286, "attitude": 1.1283864276616005, "male": -0.5794943461415136, "gay": 0.5100162348104322, "angry": -0.3577233452229489, "gender": 2.0385862017511647, "brown": 1.6968802310378115, "man": 3.0213390382864516, "indian": -0.10130819845287853, "competent": 0.9917876280025921, "minority": 0.8191843854725316, "educate": 0.0532311631675122, "black": 1.4469640789397298, "hispanic": 3.4191272143462714, "misogyny": 0.6579832681022784, "lgbtq": 2.988811830709417, "marry": 1.0061470609960161}, "climate": {"solution": NaN, "paris": 0.5406127129325777, "policy": 2.865051076105044, "economic": 3.2698207234101413, "combat": 2.5355333617647338, "denier": 0.3904038002910637}, "tax": {"debt": 0.84341746881617, "income": 0.653973508312915, "benefit": 2.006058995745812, "wage": 3.519731501304549, "wealthy": -0.22969770820860091, "salary": 1.915643021476436, "taxpayer": 3.3910920578510027, "cost": -0.13978701526799764, "dollar": 0.653401066698013, "premium": 1.103917340897803, "repeal": 0.9802076321246043, "paycheck": 1.9348603128687283, "trillion": 0.02121102603163645, "deduction": -0.42941834913065724, "minimum": NaN, "funding": 1.3279478102302402, "dime": 2.537477536797338, "payroll": -3.0212655755591555, "medicare": 0.16136619161796695, "loan": 1.9233091236775202, "billion": 4.103994818054263}, "court": {"scotus": 2.2700758144287514, "judge": 2.650091487210436, "stack": -1.3980592026994771, "supreme": -3.7018130704588987, "appoint": 2.8434464102577373, "ram": NaN, "appeal": 1.9910664887323435, "overturn": 1.0474395952445854, "ruling": 0.32105451281859176, "aca": 1.3308994574812716, "justice": 2.3023180896922204, "mcconnell": -0.5046717581916124, "mitch": 0.7497910587569495, "nominee": 0.9809372767181244, "packing": -0.8764261333102272, "roe": 2.4340669730085907, "federal": 2.285638070749924, "seat": 1.824201196941357, "barrett": 3.1517666321463094}, "racist": {"sexist": 0.334862794213715, "hateful": 0.437278976353362, "pedophile": -0.12464244520727674, "rapist": 0.44769787173143727, "pervert": 1.3117055041288181, "rhetoric": 3.283468223864679, "minority": 2.1907970384875353, "immoral": NaN, "violent": 6.855016409166569, "thief": 2.265432827362753, "cheater": 1.6511369416018487, "pander": NaN, "racism": 1.492523218702234, "predator": -0.2745780537367324, "sexual": -0.14614190021645213, "assault": NaN, "bigot": -0.6974188658252483, "divisive": 3.9919037566676097, "hypocrite": 2.049851721587516, "denounce": 0.8300054017761238, "nazi": NaN, "disgust": 2.3132880308699217, "ignorant": 2.893188531608752, "murderer": 2.2925347571405443, "fascist": 4.123903364463645, "corrupt": 2.1196845285716295, "angry": 0.8672352918804913, "monster": 1.9362850089328654, "condemn": 1.820572071533118}}
